{
    "BINANCE/HITBTC AE-BTC": 5.4090000000001315e-06,
    "BINANCE/HITBTC AMB-BTC": 9.717000000000025e-05,
    "BINANCE/HITBTC CDT-BTC": 1.4779999999999858e-05,
    "BINANCE/HITBTC CDT-ETH": 0.0010380650000000014,
    "BINANCE/HITBTC CTR-BTC": 0.0001831549999999998,
    "BINANCE/HITBTC CTR-ETH": 0.0006954999999999993,
    "BINANCE/HITBTC DNT-BTC": 8.999999999999914e-06,
    "BINANCE/HITBTC ETC-BTC": 2.7689999999999672e-05,
    "BINANCE/HITBTC ETC-ETH": 5.3200000000000466e-05,
    "BINANCE/HITBTC ETH-BTC": 7.905400000000903e-05,
    "BINANCE/HITBTC ICX-BTC": 0.00043745100000000005,
    "BINANCE/HITBTC LEND-BTC": 0.0007114999999999992,
    "BINANCE/HITBTC SNM-BTC": 8.839999999999915e-06,
    "BINANCE/HITBTC STEEM-BTC": 0.0015196999999999958,
    "BINANCE/HITBTC STRAT-BTC": 2.9259999999998445e-07,
    "BINANCE/HITBTC TRX-BTC": 3.999999999999962e-05,
    "BINANCE/HITBTC VIB-EBTC": 0.000587924999999997,
    "BINANCE/HITBTC VIBE-BTC": 0.000587924999999997,
    "BINANCE/KUCOIN NEBL-BTC": 5.1257525250006806e-05,
    "HITBTC/BINANCE ADA-BTC": 0.004708379999999997,
    "HITBTC/BINANCE ADA-ETH": 0.002831750000000001,
    "HITBTC/BINANCE BCPT-BTC": 6.599999999999835e-06,
    "HITBTC/BINANCE DASH-BTC": 3.753099999999992e-05,
    "HITBTC/BINANCE IOTA-BTC": 0.0001872250000000005,
    "HITBTC/BINANCE IOTA-ETH": 0.003550099999999989,
    "HITBTC/BINANCE LTC-BTC": 1.8199999999998772e-05,
    "HITBTC/BINANCE NEBL-BTC": 4.200000000000102e-06,
    "HITBTC/BINANCE NEO-BTC": 2.199999999999945e-07,
    "HITBTC/BINANCE QTUM-BTC": 0.00010515999999999911,
    "HITBTC/BINANCE QTUM-ETH": 0.0004665000000000051,
    "HITBTC/BINANCE TNT-BTC": 0.00021305000000000518,
    "HITBTC/BINANCE WTC-BTC": 2.1254999999999586e-05,
    "HITBTC/BINANCE XEM-BTC": 8.968000000000074e-05,
    "HITBTC/BINANCE XEM-ETH": 0.008292669999999924,
    "HITBTC/BINANCE XLM-BTC": 0.00041149999999999976,
    "HITBTC/BINANCE XLM-ETH": 0.004790500000000002,
    "HITBTC/KUCOIN BCH-BTC": 4.039103533799975e-05,
    "HITBTC/KUCOIN BCH-ETH": 1.1835141060001632e-05,
    "HITBTC/KUCOIN BOS-BTC": 1.0920000000000018e-08,
    "HITBTC/KUCOIN CAT-ETH": 0.00010387397999999984,
    "HITBTC/KUCOIN R-BTC": 1.1872167999999886e-07,
    "HITBTC/KUCOIN R-ETH": 0.0001613442059999981,
    "HITBTC/KUCOIN SNT-BTC": 0.00015569459599999852,
    "HITBTC/KUCOIN TIO-ETH": 0.0004950000000000012,
    "KUCOIN/BINANCE BCD-BTC": 0.0024643318713666006,
    "KUCOIN/BINANCE BCD-ETH": 0.05480752130000001,
    "KUCOIN/BINANCE BTC-USDT": 0.03310300211890133,
    "KUCOIN/BINANCE EOS-ETH": 0.001068740940000011,
    "KUCOIN/BINANCE ETH-USDT": 7.164000000000033,
    "KUCOIN/BINANCE INS-ETH": 2.900040000000042e-05,
    "KUCOIN/BINANCE LEND-ETH": 3.650056449999906e-05,
    "KUCOIN/BINANCE NEO-BTC": 7.048224499996747e-07,
    "KUCOIN/BINANCE NEO-USDT": 0.9182343048720021,
    "KUCOIN/BINANCE REQ-BTC": 0.0001445049999999997,
    "KUCOIN/BINANCE RPX-BTC": 5.335000000000031e-05,
    "KUCOIN/BINANCE VEN-BTC": 3.60800000000004e-05,
    "KUCOIN/BINANCE WTC-BTC": 8.129999999999317e-06,
    "KUCOIN/HITBTC AMB-BTC": 4.844920000000775e-06,
    "KUCOIN/HITBTC CHSB-BTC": 1.928418399999992e-05,
    "KUCOIN/HITBTC DADI-ETH": 0.0001661865599999984,
    "KUCOIN/HITBTC DENT-ETH": 0.0001017704000000004,
    "KUCOIN/HITBTC EOS-ETH": 0.0027114299799999944,
    "KUCOIN/HITBTC KICK-BTC": 0.00021599999999999793,
    "KUCOIN/HITBTC LEND-BTC": 1.6174208999999847e-05,
    "KUCOIN/HITBTC TRAC-ETH": 0.0012930003000000054,
    "KUCOIN/HITBTC UTK-BTC": 6.923326800000024e-05
}