{
    "HITBTC/KUCOIN ACT-BTC": 0.0004165000000000003,
    "HITBTC/KUCOIN ACT-ETH": 0.0006330000000000007,
    "HITBTC/KUCOIN BCH-BTC": 1.8131573199998943e-07,
    "HITBTC/KUCOIN BOS-BTC": 0.0007976857549999998,
    "HITBTC/KUCOIN CHSB-BTC": 3.2066120000000375e-05,
    "HITBTC/KUCOIN CHSB-ETH": 0.0016000000000000064,
    "HITBTC/KUCOIN DADI-ETH": 0.0001648999449999997,
    "HITBTC/KUCOIN LTC-BTC": 0.0005017639999999924,
    "HITBTC/KUCOIN LTC-ETH": 5.112719999999565e-06,
    "HITBTC/KUCOIN POE-BTC": 9.67640299999961e-07,
    "KUCOIN/HITBTC BTG-BTC": 1.4000517629999998e-05,
    "KUCOIN/HITBTC BTG-ETH": 0.00023240785894600066,
    "KUCOIN/HITBTC EOS-BTC": 0.00023759999999999407,
    "KUCOIN/HITBTC ETH-BTC": 3.828000000000206e-06,
    "KUCOIN/HITBTC KICK-BTC": 0.0004806398400000005,
    "KUCOIN/HITBTC LA-ETH": 0.0012429718799999902,
    "KUCOIN/HITBTC SNM-ETH": 0.00026408999999999927,
    "KUCOIN/HITBTC SPF-ETH": 7.721999999999955e-08,
    "KUCOIN/HITBTC STX-ETH": 3.884999999999994e-06,
    "KUCOIN/HITBTC TRAC-ETH": 1.2266000000000297e-05
}