{
    "HITBTC/KUCOIN BCH-BTC": 1.6672841863997967e-06,
    "HITBTC/KUCOIN BOS-BTC": 2.364000000000001e-08,
    "HITBTC/KUCOIN DASH-ETH": 2.002499999999907e-05,
    "HITBTC/KUCOIN OCN-BTC": 4.000000000000004e-05,
    "HITBTC/KUCOIN POLL-BTC": 7.463306999999962e-06,
    "HITBTC/KUCOIN TEL-BTC": 0.00041300000000000137,
    "HITBTC/KUCOIN TEL-ETH": 0.0014499999999999947,
    "HITBTC/KUCOIN TIME-BTC": 4.971869999999996e-05,
    "HITBTC/KUCOIN TRAC-ETH": 0.0010200000000000031,
    "KUCOIN/HITBTC BTG-BTC": 1.0934919930000015e-05,
    "KUCOIN/HITBTC BTG-ETH": 1.776995951999995e-06,
    "KUCOIN/HITBTC KICK-BTC": 0.0001731476900000057,
    "KUCOIN/HITBTC NEO-BTC": 2.5960000000000222e-06,
    "KUCOIN/HITBTC R-BTC": 9.60000000000045e-06,
    "KUCOIN/HITBTC STX-BTC": 1.891345199999996e-05,
    "KUCOIN/HITBTC UTK-BTC": 4.931311000000029e-06
}